08311,2025/04/28,15:10,23:25,CRM,,,,,,
08311,2025/04/29,23:20,7:35,CRM,,,,,,
08311,2025/04/30,23:20,7:35,CRM,,,,,,
08311,2025/05/03,7:30,15:45,CRM,,,,,,
08311,2025/05/04,7:30,15:45,CRM,,,,,,
08311,2025/05/05,7:30,15:45,CRM,,,,,,
08311,2025/05/07,15:10,23:25,CRM,,,,,,
08311,2025/05/08,23:20,7:35,CRM,,,,,,
08311,2025/05/09,23:20,7:35,CRM,,,,,,
08311,2025/05/14,7:30,15:45,CRM,,,,,,
08311,2025/05/15,15:10,23:25,CRM,,,,,,
08311,2025/05/16,15:10,23:25,CRM,,,,,,
08311,2025/05/17,23:20,7:35,CRM,,,,,,
08311,2025/05/18,23:20,7:35,CRM,,,,,,
08311,2025/05/19,23:20,7:35,CRM,,,,,,
08311,2025/05/22,7:30,15:45,CRM,,,,,,
08311,2025/05/23,7:30,15:45,CRM,,,,,,
08311,2025/05/24,15:10,23:25,CRM,,,,,,
08311,2025/05/25,15:10,23:25,CRM,,,,,,
08311,2025/05/26,15:10,23:25,CRM,,,,,,
08311,2025/05/27,23:20,7:35,CRM,,,,,,
08311,2025/05/28,23:20,7:35,CRM,,,,,,
08311,2025/05/31,7:30,15:45,CRM,,,,,,
08311,2025/06/01,7:30,15:45,CRM,,,,,,
08311,2025/06/03,15:10,23:25,CRM,,,,,,
08311,2025/06/04,15:10,23:25,CRM,,,,,,
08311,2025/06/05,23:20,7:35,CRM,,,,,,
08311,2025/06/06,23:20,7:35,CRM,,,,,,
08311,2025/06/11,7:30,15:45,CRM,,,,,,
08311,2025/06/12,15:10,23:25,CRM,,,,,,
08311,2025/06/13,15:10,23:25,CRM,,,,,,
08311,2025/06/14,23:20,7:35,CRM,,,,,,
